OID_,reference_number,historic_reference_number,created_user,created_date,last_edited_user,last_edited_date,globalid
457,44462,43957,,,,,{00000000-0000-0000-0000-000000000000}
1208,47339,45521,,,,,{00000000-0000-0000-0000-000000000000}
1301,43957,42832,,,,,{00000000-0000-0000-0000-000000000000}
1645,48837,47339,,,,,{00000000-0000-0000-0000-000000000000}
1650,49430,48838,,,,,{00000000-0000-0000-0000-000000000000}
2376,43956,39945,,,,,{00000000-0000-0000-0000-000000000000}
3302,40736,38939,,,,,{00000000-0000-0000-0000-000000000000}
4693,49429,48837,,,,,{00000000-0000-0000-0000-000000000000}
5556,47340,44462,,,,,{00000000-0000-0000-0000-000000000000}
5939,45521,43956,,,,,{00000000-0000-0000-0000-000000000000}
7065,42832,40736,,,,,{00000000-0000-0000-0000-000000000000}
7666,48838,47340,,,,,{00000000-0000-0000-0000-000000000000}
7733,43956,42832,,,,,{00000000-0000-0000-0000-000000000000}
8112,48836,47339,,,,,{00000000-0000-0000-0000-000000000000}
